Ag15P4S16Cl3,-43m,Polar 
Ag2BiO3,mm2,Polar 
Ag2GePbS4,mm2,Polar 
Ag2GeS3,mm2,Polar 
Ag2H2IOF,2,Polar 
Ag2H4(SO4)3,mm2,Polar 
Ag2HgI4,-4,Polar 
Ag2HgO2,422,Non-polar 
Ag2HgSI2,mm2,Polar 
Ag2PHO4,32,Non-polar 
Ag2PSe3,222,Non-polar 
Ag2TeS3,m,Polar 
Ag3AsS4,mm2,Polar 
Ag3AuSe2,432,Non-polar 
Ag3Ge5P6,-43m,Polar 
Ag3P11,m,Polar 
Ag3PS4,mm2,Polar 
Ag3Sn2(GeP2)3,-43m,Polar 
Ag3Te2Au,432,Non-polar 
Ag4TeSO4,23,Non-polar 
Ag5P(S2Cl)2,mm2,Polar 
Ag7PSe6,23,Non-polar 
Ag8GeS6,mm2,Polar 
Ag8SnS6,mm2,Polar 
Ag8SnSe6,mm2,Polar 
AgBi(IO3)4,m,Polar 
AgClO4,-42m,Polar 
AgH12C4Se5N,m,Polar 
AgHgAsS3,m,Polar 
AgHgSI,222,Non-polar 
AgI,6mm,Polar 
AgI3O8,-4,Polar 
AgIO3,mm2,Polar 
AgNO3,3m,Polar 
Al(BiCl)4,6,Polar 
Al(IO3)3,6,Polar 
Al(SeCl)4,mm2,Polar 
Al2CdCl8,m,Polar 
Al2CdS4,-4,Polar 
Al2CdSe4,-4,Polar 
Al2CdTe4,-4,Polar 
Al2HgS4,-4,Polar 
Al2HgSe4,-4,Polar 
Al2HgTe4,-4,Polar 
Al2PbO4,mm2,Polar 
Al2Se3,m,Polar 
Al2Si3H8(NO5)2,2,Polar 
Al2ZnSe4,-4,Polar 
Al2ZnTe4,-4,Polar 
Al4(B2O5)3,3,Polar 
Al4CO4,mm2,Polar 
Al5BO9,mm2,Polar 
Al6Cd4SO12,-43m,Polar 
Al6Cd4TeO12,-43m,Polar 
Al7(TlS4)3,2,Polar 
AlAgS2,-42m,Polar 
AlAgSe2,-42m,Polar 
AlAgTe2,-42m,Polar 
AlAs,-43m,Polar 
AlAsO4,32,Non-polar 
AlBiSCl4,-4,Polar 
AlBiSeCl4,-4,Polar 
AlBiTeCl4,-4,Polar 
AlCuBr4,-42m,Polar 
AlCuCl4,-42m,Polar 
AlCuS2,-42m,Polar 
AlCuSe2,-42m,Polar 
AlCuTe2,-42m,Polar 
AlICl6,2,Polar 
AlN,6mm,Polar 
AlP,-43m,Polar 
AlP3(NCl3)3,mm2,Polar 
AlPI8,mm2,Polar 
AlPO4,32,Non-polar 
AlPS4,-42m,Polar 
AlSCl7,m,Polar 
AlSb,-43m,Polar 
AlSeCl7,1,Polar 
AlTeI7,m,Polar 
As(S8I)3,3m,Polar 
As2O5,222,Non-polar 
As2SO6,222,Non-polar 
AsBr3,222,Non-polar 
AsCl3,222,Non-polar 
AsClOF8,mm2,Polar 
AsF3,mm2,Polar 
AsPO5,222,Non-polar 
AsS(ClF2)3,222,Non-polar 
Au2O3,mm2,Polar 
Au2Se3O10,mm2,Polar 
AuBrF6,2,Polar 
B10H14S,222,Non-polar 
B2O3,32,Non-polar 
B2Pb2S5,422,Non-polar 
B2Pb4O7,mm2,Polar 
B2S2O9,2,Polar 
B2Se2O7,222,Non-polar 
B4PbO7,mm2,Polar 
B5H12NO12,mm2,Polar 
B5Pb2BrO9,mm2,Polar 
B5Pb2ClO9,mm2,Polar 
B5Pb2IO9,mm2,Polar 
BAs5(Pb3O10)2,-4,Polar 
BAsO4,-4,Polar 
BCl(OF2)2,m,Polar 
BH6CN3F4,3m,Polar 
BNF8,-42m,Polar 
BP,-43m,Polar 
BPH4NO4F,23,Non-polar 
BPO4,-4,Polar 
BPPbO5,32,Non-polar 
BPS4,222,Non-polar 
Ba(AuF4)2,-4,Polar 
Ba(BH)12,3m,Polar 
Ba(BS2)2,m,Polar 
Ba(BrF4)2,-4,Polar 
Ba(GeAs)2,4mm,Polar 
Ba(GeP)2,4mm,Polar 
Ba(Si3N4)2,mm2,Polar 
Ba13Si6(Sn4As11)2,-42m,Polar 
Ba2As2S5,mm2,Polar 
Ba2As2Se5,2,Polar 
Ba6Si25,432,Non-polar 
Ba6Sn6Se13,222,Non-polar 
Ba6Te10Br2O25,mm2,Polar 
Ba6Ti5S15O,222,Non-polar 
Ba7Cu3H17,3m,Polar 
Ba8Sn4S15,mm2,Polar 
BaAg(PO3)3,222,Non-polar 
BaAg2GeS4,-42m,Polar 
BaAg2GeSe4,222,Non-polar 
BaAg2SnS4,222,Non-polar 
BaAg2SnSe4,222,Non-polar 
BaAl2B2O7,32,Non-polar 
BaAl2O4,6,Polar 
BaAl2Sb2O7,32,Non-polar 
BaAl2Si3(NO)4,mm2,Polar 
BaAl4S7,mm2,Polar 
BaAlF5,222,Non-polar 
BaAlGeH,3m,Polar 
BaAlH5,mm2,Polar 
BaAlSiH,3m,Polar 
BaAs2,m,Polar 
BaB8O13,422,Non-polar 
BaBAsO5,32,Non-polar 
BaBClF4,mm2,Polar 
BaBPO5,32,Non-polar 
BaBe2Si2O7,mm2,Polar 
BaBePO4F,m,Polar 
BaBeSiO4,m,Polar 
BaBiSe3,222,Non-polar 
BaCa(GaO2)4,mm2,Polar 
BaCdGeS4,mm2,Polar 
BaCdSnS4,mm2,Polar 
BaCu2GeS4,32,Non-polar 
BaCu2GeSe4,32,Non-polar 
BaCu2SnS4,32,Non-polar 
BaCu2SnSe4,mm2,Polar 
BaGa4S7,mm2,Polar 
BaGaF5,222,Non-polar 
BaGaGeH,3m,Polar 
BaGaSnH,3m,Polar 
BaGe(S2O7)3,222,Non-polar 
BaGe4O9,32,Non-polar 
BaGeO3,222,Non-polar 
BaGePbO4,222,Non-polar 
BaH4O3,mm2,Polar 
BaHf(BO3)2,3m,Polar 
BaHgS2,mm2,Polar 
BaLa2WO7,m,Polar 
BaLi(B3O5)3,3m,Polar 
BaLi(BS2)3,m,Polar 
BaLi2SiO4,6mm,Polar 
BaMgBO3F,m,Polar 
BaMo2Se2O11,mm2,Polar 
BaNa(B3O5)3,3m,Polar 
BaNa(PO3)3,222,Non-polar 
BaNa2Al4(SiO4)4,mm2,Polar 
BaNaAlF6,mm2,Polar 
BaNaH6Ir,-43m,Polar 
BaNaNd(GeO3)3,222,Non-polar 
BaNd(SnS3)2,mm2,Polar 
BaPd(IO3)4,1,Polar 
BaPr(SnS3)2,mm2,Polar 
BaPt2S3,422,Non-polar 
BaS3,-42m,Polar 
BaSbTe3,222,Non-polar 
BaSe3,-42m,Polar 
BaSi6N8O,mm2,Polar 
BaSi7N10,m,Polar 
BaSn2(HO2)2,2,Polar 
BaSnHgS4,mm2,Polar 
BaTe3,-42m,Polar 
BaTiO3,mm2,Polar 
BaUI6,m,Polar 
BaV2O6,222,Non-polar 
BaYZn3GaO7,6mm,Polar 
BaZnF4,mm2,Polar 
BaZnO2,32,Non-polar 
BaZnSnS4,mm2,Polar 
BaZnTe2O7,mm2,Polar 
Be(BH4)2,4mm,Polar 
Be3Cd4Si3SO12,-43m,Polar 
Be3Cd4Si3SeO12,-43m,Polar 
Be3Cd4Si3TeO12,-43m,Polar 
Be3Zn4Si3SO12,-43m,Polar 
Be4N6O19,3,Polar 
Be4Si2H2O9,mm2,Polar 
Be4TeO7,-43m,Polar 
Be5Pt,-43m,Polar 
BeH12(N2Cl)2,mm2,Polar 
BeH12(N2Cl)2,mm2,Polar 
BeH2SeO4,222,Non-polar 
BeH8(NF2)2,mm2,Polar 
BeH8(NO5)2,-42m,Polar 
BeH8SO8,-42m,Polar 
BeO,6mm,Polar 
BeP2(HO)4,422,Non-polar 
BePH4NO4,mm2,Polar 
BeS,-43m,Polar 
BeSO4,-4,Polar 
BeSe,-43m,Polar 
BeSiN2,mm2,Polar 
BeTe,-43m,Polar 
Bi(BO2)3,mm2,Polar 
Bi10(MoO8)3,2,Polar 
Bi2Au5F21,422,Non-polar 
Bi2CO5,mm2,Polar 
Bi2I4O13,222,Non-polar 
Bi2MoO6,mm2,Polar 
Bi2SeO5,mm2,Polar 
CaP2Xe5F22,mm2,Polar 
CaPHO4,1,Polar 
CaSi2(NO)2,2,Polar 
CaTa2Bi2O9,mm2,Polar 
CaTa4O11,622,Non-polar 
CaZnAsHO5,222,Non-polar 
Cd(AgI2)2,-42m,Polar 
Cd(BH4)2,4mm,Polar 
Cd(GaS2)2,-4,Polar 
Cd(GaSe2)2,-4,Polar 
Cd(GaTe2)2,-4,Polar 
Cd(IO3)2,222,Non-polar 
Cd(InSe2)2,-4,Polar 
Cd(InTe2)2,-4,Polar 
Cd(NO3)2,mm2,Polar 
Cd2BiAsO6,mm2,Polar 
Cd2GaAgS4,mm2,Polar 
Cd3BPO7,mm2,Polar 
Cd4P6SN12,-43m,Polar 
Cd7Te7Cl8O17,mm2,Polar 
CdAg2GeS4,mm2,Polar 
CdAs2,422,Non-polar 
CdAs2(XeF5)4,222,Non-polar 
CdB6H12(N2O5)2,mm2,Polar 
CdCu2GeS4,mm2,Polar 
CdCu2SiS4,mm2,Polar 
CdCu2SiSe4,mm2,Polar 
CdCu2SiTe4,-42m,Polar 
CdGeAs2,-42m,Polar 
CdGeP2,-42m,Polar 
CdH20N6OF2,32,Non-polar 
CdH4(BrO4)2,222,Non-polar 
CdH6C(IN)3,m,Polar 
CdHClO,6mm,Polar 
CdHg4(AsI2)2,2,Polar 
CdI2,3m,Polar 
CdP2,422,Non-polar 
CdP2Xe5F22,mm2,Polar 
CdS,6mm,Polar 
CdSe,6mm,Polar 
CdSiAs2,-42m,Polar 
CdSiP2,-42m,Polar 
CdSnAs2,-42m,Polar 
CdSnP2,-42m,Polar 
CdTe,-43m,Polar 
CdTe(Pb3O5)2,222,Non-polar 
CdTeMoO6,-42m,Polar 
Ce3Bi4Pt3,-43m,Polar 
Bi2TeIClO8,m,Polar 
Bi2TeO5,mm2,Polar 
Bi2WO6,mm2,Polar 
Bi4Br2O5,2,Polar 
Bi4I2O5,2,Polar 
Bi7O5F11,2,Polar 
BiIO4,mm2,Polar 
BiIrS,23,Non-polar 
BiIrSe,23,Non-polar 
BiRhS,23,Non-polar 
BiRhSe,23,Non-polar 
BiSeClO3,222,Non-polar 
BiTeCl,6mm,Polar 
BiTeI,3m,Polar 
Br3N(O2F5)2,222,Non-polar 
BrCl,mm2,Polar 
BrF3,mm2,Polar 
BrF5,mm2,Polar 
BrNO3,222,Non-polar 
C(Se2Br)2,mm2,Polar 
Ca(AuF6)2,-42m,Polar 
Ca(PIr)2,32,Non-polar 
Ca10Ag(PO4)7,3m,Polar 
Ca10Ge16(B2O17)3,mm2,Polar 
Ca11InSb9,mm2,Polar 
Ca2B2O5,222,Non-polar 
Ca2B5BrO9,mm2,Polar 
Ca2BiAsO6,mm2,Polar 
Ca2CdAs2,mm2,Polar 
Ca2CdP2,mm2,Polar 
Ca2Ga2Si(HO4)2,-4,Polar 
Ca2Nb2O7,2,Polar 
Ca2Si5N8,m,Polar 
Ca2Ta2O7,2,Polar 
Ca2VBiO6,mm2,Polar 
Ca3(AlN2)2,222,Non-polar 
Ca3B4(H4O)3,mm2,Polar 
Ca3BI3N2,32,Non-polar 
Ca3Ga4O9,mm2,Polar 
Ca3La3(BO3)5,6mm,Polar 
Ca3PI3,432,Non-polar 
Ca3Ta4(O6F)2,432,Non-polar 
Ca3TaGa3(SiO7)2,32,Non-polar 
Ca4Al6MoO16,mm2,Polar 
Ca4Al6SO12,-43m,Polar 
Ca4Al6SO16,mm2,Polar 
Ca4Al6TeO12,-43m,Polar 
Ca4Cl6O,6mm,Polar 
Ca4LaB3O10,m,Polar 
Ca4Mg4Fe3H22,-43m,Polar 
Ca4P2O9,2,Polar 
Ca4SmB3O10,m,Polar 
Ca5B3O9F,m,Polar 
Ca7(H6Cl)2,-6,Polar 
Ca7NbSi4O17F,m,Polar 
Ca9In(PO4)7,3m,Polar 
CaAlBO4,mm2,Polar 
CaAs2(XeF5)4,2,Polar 
CaB3HO6,mm2,Polar 
CaB8H4O15,2,Polar 
CaC2(NO)2,3m,Polar 
CaGaBO4,mm2,Polar 
CaGeN2,-42m,Polar 
CaHClO,6mm,Polar 
CaLa2B10O19,2,Polar 
CaMgNiH4,23,Non-polar 
Ba2B5ClO9,mm2,Polar 
Ba2BN2Cl,432,Non-polar 
Ba2CaSi4(BO7)2,-42m,Polar 
Ba2CdAs2,mm2,Polar 
Ba2Ge2Te5,mm2,Polar 
Ba2In2O5,mm2,Polar 
Ba2In2Si3SO10,mm2,Polar 
Ba2InBiS5,mm2,Polar 
Ba2InBiSe5,mm2,Polar 
Ba2InGaO5,mm2,Polar 
Ba2InSbSe5,mm2,Polar 
Ba2LiAl(CN2)4,222,Non-polar 
Ba2MgGe2O7,-42m,Polar 
Ba2MgSi2O7,-42m,Polar 
Ba2Si5N8,mm2,Polar 
Ba2SnSe5,222,Non-polar 
Ba2Ti(GeO4)2,4mm,Polar 
Ba2Ti(SiO4)2,4mm,Polar 
Ba2V4Cd3O15,222,Non-polar 
Ba2Zn(BO3)2,mm2,Polar 
Ba2ZnGe2O7,-42m,Polar 
Ba2ZnGe2S6O,-42m,Polar 
Ba3(BN2)2,222,Non-polar 
Ba3B3Pb2BrO9,222,Non-polar 
Ba3B3Pb2ClO9,222,Non-polar 
Ba3B6H2O13,m,Polar 
Ba3B6O11F2,2,Polar 
Ba3Ho(BO3)3,6mm,Polar 
Ba3Lu(BO3)3,6mm,Polar 
Ba3Lu4O9,3,Polar 
Ba3NaNd3(Si3O10)2,mm2,Polar 
Ba3NaSm3(Si3O10)2,mm2,Polar 
Ba3NaY3(Si3O10)2,mm2,Polar 
Ba3NbGa3(SiO7)2,32,Non-polar 
Ba3P3ClO10,mm2,Polar 
Ba3P4,mm2,Polar 
Ba3Sc(BO3)3,6mm,Polar 
Ba3Si6N4O9,3,Polar 
Ba3TaN3Cl2,6mm,Polar 
Ba3ThSe7,mm2,Polar 
Ba3Tm(BO3)3,6mm,Polar 
Ba3Tm4O9,3,Polar 
Ba3Y(BO3)3,6mm,Polar 
Ba3Zn3Te(PO7)2,32,Non-polar 
Ba3Zn5In2O11,-43m,Polar 
Ba3ZnB5PO14,mm2,Polar 
Ba4Br6O,6mm,Polar 
Ba4Cl6O,6mm,Polar 
Ba4GeAs4,-43m,Polar 
Ba4GeP4,-43m,Polar 
Ba4I6O,6mm,Polar 
Ba4LiCu(CO5)2,-42m,Polar 
Ba4NaAl2B8(BrO6)3,4mm,Polar 
Ba4NaAl2B8(ClO6)3,4mm,Polar 
Ba4NaCu(CO5)2,-42m,Polar 
Ba4NaGa2B8(BrO6)3,4mm,Polar 
Ba4NaGa2B8(ClO6)3,4mm,Polar 
Ba4Nd4Zn3PtO15,6mm,Polar 
Ba4SiAs4,-43m,Polar 
Ba4SiP4,-43m,Polar 
Ba4SiSb2Se11,mm2,Polar 
Ba4TiAs4,-43m,Polar 
Ba4TiP4,-43m,Polar 
Ba4Zn4B14Pb2O31,3,Polar 
Ba5(Ga3H)2,3m,Polar 
Ba5B3BrO9,222,Non-polar 
Ba5B3ClO9,222,Non-polar 
Ba5B4O11,222,Non-polar 
Ba5Pt2O9,32,Non-polar 
Ba5Re3BrO15,6mm,Polar 
Ba5Re3ClO15,6mm,Polar 
CeP5O14,1,Polar 
ClO3,m,Polar 
CoH18CN6ClO3,23,Non-polar 
Cr2(Bi2O5)3,mm2,Polar 
Cr4AgBiO14,4,Polar 
Cs2Al(NO3)5,32,Non-polar 
Cs2Al2As2O7,mm2,Polar 
Cs2Ba2(CO3)3,23,Non-polar 
Cs2Ca2Be3F12,23,Non-polar 
Cs2Cd2(MoO4)3,23,Non-polar 
Cs2CdGe3S8,222,Non-polar 
Cs2CdSn3Se8,222,Non-polar 
Cs2Hg3I8,m,Polar 
Cs2Hg6S7,4mm,Polar 
Cs2Li3B3P6(PbO12)2,23,Non-polar 
Cs2LiAsO4,mm2,Polar 
Cs2LiVO4,mm2,Polar 
Cs2MgGe3Se8,222,Non-polar 
Cs2MgSn3Se8,222,Non-polar 
Cs2Mo3SeO12,6,Polar 
Cs2P4Pd3O14,mm2,Polar 
Cs2PtS6(O3F)6,32,Non-polar 
Cs2S3,mm2,Polar 
Cs2S5,222,Non-polar 
Cs2Se3,mm2,Polar 
Cs2Se5,222,Non-polar 
Cs2Si3SnO9,222,Non-polar 
Cs2Sn3HgSe8,222,Non-polar 
Cs2SnAs2Se9,2,Polar 
Cs2Sr2Li3B3(PO4)6,23,Non-polar 
Cs2Te3,mm2,Polar 
Cs2Te4O9,-42m,Polar 
Cs2TeO3,32,Non-polar 
Cs2Th(Si2O5)3,mm2,Polar 
Cs2Ti(PO4)2,222,Non-polar 
Cs2Ti(Si2O5)3,m,Polar 
Cs2Ti2S9,3,Polar 
Cs2TiV3(PO6)3,6mm,Polar 
Cs2UMoO7,mm2,Polar 
Cs2W3SeO12,6,Polar 
Cs2ZnGe3Se8,222,Non-polar 
Cs2ZnI4,mm2,Polar 
Cs2ZnSn3Se8,222,Non-polar 
Cs2Zr(AgTe2)2,222,Non-polar 
Cs3As5O9,3m,Polar 
Cs3B6H12S4Br,6mm,Polar 
Cs3B6H12Se4Br,6mm,Polar 
Cs3Bi2Cl9,32,Non-polar 
Cs3BiO3,23,Non-polar 
Cs3BiSe3,23,Non-polar 
Cs3Ga2F9,6mm,Polar 
Cs3H12N4F3,-43m,Polar 
Cs3Hf2P5S18,m,Polar 
Cs3Li4(BO2)7,32,Non-polar 
Cs3Nb2AsSe11,m,Polar 
Cs3P6N11,432,Non-polar 
Cs3P7,4,Polar 
Cs3SbO3,23,Non-polar 
Cs3SbS3,23,Non-polar 
Cs3SbSe3,23,Non-polar 
Cs3Y(PO4)2,2,Polar 
Cs3Zr2P5S18,m,Polar 
Cs4Au6S5,3m,Polar 
Cs4Ba(PO3)6,3m,Polar 
Cs4BaV6O18,3m,Polar 
Cs4Ge(PSe3)4,mm2,Polar 
Cs4K3U3Si4O20F,mm2,Polar 
Cs4Nb2S11,mm2,Polar 
Cs4Sb2O5,m,Polar 
Cs4SiSe4,-43m,Polar 
Cs4SiTe4,-43m,Polar 
Cs4U3Mo3O20,1,Polar 
Cs4Zr6BBr17,-42m,Polar 
Cs5Bi(MoO4)4,m,Polar 
Cs5Na(W2N5)2,4,Polar 
Cs5Ti6AgSe27,3m,Polar 
Cs6ZnGe8,mm2,Polar 
CsAg2(B5O8)3,222,Non-polar 
CsAgSe4,222,Non-polar 
CsAlSiO4,mm2,Polar 
CsAs(HO2)2,mm2,Polar 
CsAs4F13,-4,Polar 
CsAsF4,2,Polar 
CsB3O5,222,Non-polar 
CsB9O14,222,Non-polar 
CsBe2BO3F2,32,Non-polar 
CsBe2F5,432,Non-polar 
CsBeAsO4,mm2,Polar 
CsBrO3,3m,Polar 
CsCdBO3,23,Non-polar 
CsCuBr3,222,Non-polar 
CsCuS4,222,Non-polar 
CsCuSe4,222,Non-polar 
CsDySiS4,222,Non-polar 
CsErSiS4,222,Non-polar 
CsGa2P5O16,m,Polar 
CsGe,-43m,Polar 
CsGeBr3,3m,Polar 
CsGeCl3,3m,Polar 
CsGeI3,3m,Polar 
CsGeSbO5,422,Non-polar 
CsH2F3,222,Non-polar 
CsH5O3,mm2,Polar 
CsHgCl3,3,Polar 
CsHoSiS4,222,Non-polar 
CsI3F16,-43m,Polar 
CsIO3,mm2,Polar 
CsK5Zn4Sn5S17,-42m,Polar 
CsKTeH6SO10,m,Polar 
CsLa(PO3)4,2,Polar 
CsLi(H2N)2,622,Non-polar 
CsLi(PO3)2,mm2,Polar 
CsLiMoO4,-43m,Polar 
CsMgAs(H6O5)2,-43m,Polar 
CsMgH12(ClO2)3,1,Polar 
CsMgP(H6O5)2,-43m,Polar 
CsMo3Br3Cl4,3m,Polar 
CsMoIO6,mm2,Polar 
CsMoN3O11,2,Polar 
CsNO2,32,Non-polar 
CsNO3,3,Polar 
CsNa2H3(SO4)3,23,Non-polar 
CsNaSi2O5,mm2,Polar 
CsNb(BO3)2,mm2,Polar 
CsNb(CuTe2)2,mm2,Polar 
CsNb2BiO7,mm2,Polar 
CsNb2PS10,m,Polar 
CsNb2PSe10,m,Polar 
CsPH4(NO)2,422,Non-polar 
CsPbF3,3m,Polar 
CsPr(PO3)4,2,Polar 
CsSO3,6mm,Polar 
CsSb,222,Non-polar 
CsSb(SO4)2,222,Non-polar 
CsSb3F16,mm2,Polar 
CsSbClF3,-42m,Polar 
CsSi,-43m,Polar 
CsSi2SbO7,mm2,Polar 
CsSiTe3,m,Polar 
CsSmGeS4,222,Non-polar 
CsSmGeSe4,222,Non-polar 
CsSmSiS4,222,Non-polar 
CsSn,-43m,Polar 
CsSr(BH4)3,222,Non-polar 
CsTa(BO3)2,mm2,Polar 
CsTa(CuTe2)2,mm2,Polar 
CsTb(PO3)4,2,Polar 
CsTbSiS4,222,Non-polar 
CsTh3F13,mm2,Polar 
CsTi(PS4)2,m,Polar 
CsTi3P5O19,m,Polar 
CsTi8F33,3m,Polar 
CsTiAsO5,mm2,Polar 
CsTlBr4,222,Non-polar 
CsTmSiS4,222,Non-polar 
CsV(NO4)2,222,Non-polar 
CsV2I3O13,mm2,Polar 
CsV3(SeO6)2,6,Polar 
CsVSeO5,2,Polar 
CsXeF7,23,Non-polar 
CsZn2B3O7,mm2,Polar 
Cu2GeS3,m,Polar 
Cu2HgI4,-42m,Polar 
Cu2SiHgS4,mm2,Polar 
Cu2SiHgSe4,mm2,Polar 
Cu2SiSe3,m,Polar 
Cu3P4S4I3,6mm,Polar 
Cu3P4Se4Br3,2,Polar 
Cu3PS4,mm2,Polar 
Cu4SnP10,3m,Polar 
Cu6GeWS8,6mm,Polar 
Cu6Hg3(SbS3)4,3,Polar 
CuAs12P4S12Br,3m,Polar 
CuAs12P4S12Cl,3m,Polar 
CuAsPbS3,mm2,Polar 
CuBS2,-42m,Polar 
CuBiPtS3,222,Non-polar 
CuBr,-43m,Polar 
CuNiSbS3,222,Non-polar 
CuReO4,4mm,Polar 
Dy2Be2GeO7,-42m,Polar 
Dy3Cu3Sb4,-43m,Polar 
Dy3CuGeS7,6,Polar 
Dy3CuGeSe7,6,Polar 
Dy3CuSiS7,6,Polar 
Dy3CuSiSe7,6,Polar 
Dy3GaS6,mm2,Polar 
Dy3Se4O12F,6mm,Polar 
Dy3TaO7,222,Non-polar 
Dy8Ga3Co,6mm,Polar 
Dy8In3Co,6mm,Polar 
DyAgSe2,222,Non-polar 
DyAgTe2,-42m,Polar 
DyNiBi,-43m,Polar 
DyNiSb,-43m,Polar 
DySbPt,-43m,Polar 
DyTl(PSe3)2,2,Polar 
Er2Ge2O7,422,Non-polar 
Er3Cu3Sb4,-43m,Polar 
Er3CuGeS7,6,Polar 
Er3CuSiS7,6,Polar 
Er3GaS6,mm2,Polar 
Er3Tl2Cu5S8,m,Polar 
Er4Zn5Ge6,mm2,Polar 
Er8Ga3Co,6mm,Polar 
Er8In3Co,6mm,Polar 
ErAgSe2,222,Non-polar 
ErAgTe2,-42m,Polar 
ErNiSb,-43m,Polar 
ErSbPd,-43m,Polar 
ErSnAu,-43m,Polar 
ErTl(PSe3)2,2,Polar 
Fe(SiP)4,1,Polar 
FeSi,23,Non-polar 
Ga(BiCl)4,6,Polar 
Ga(IO3)3,6,Polar 
Ga(PO3)3,m,Polar 
Ga2HgS4,-4,Polar 
Ga2HgSe4,-4,Polar 
Ga2HgTe4,-4,Polar 
Ga2PbO4,mm2,Polar 
Ga2S3,m,Polar 
Ga2Se3,m,Polar 
Ga2Sn2S5,mm2,Polar 
Ga2TeS2,4mm,Polar 
Ga2TeSe2,4mm,Polar 
Ga3Bi5Cl12,3m,Polar 
Ga3Cl7,mm2,Polar 
Ga3Pb5F19,4mm,Polar 
Ga3Sb7(S4Cl7)2,2,Polar 
Ga7Te10,32,Non-polar 
GaAgS2,-42m,Polar 
GaAgSe2,-42m,Polar 
GaAgTe2,-42m,Polar 
GaAs,-43m,Polar 
GaAsO4,32,Non-polar 
GaCuCl4,-42m,Polar 
GaCuI4,-4,Polar 
GaCuS2,-42m,Polar 
GaCuSe2,-42m,Polar 
GaCuTe2,-42m,Polar 
GaH3NF3,mm2,Polar 
GaI2,3m,Polar 
GaN,6mm,Polar 
GaN5O14,2,Polar 
GaP,-43m,Polar 
GaPH9C3Cl3O,m,Polar 
GaPO4,32,Non-polar 
GaSe,6mm,Polar 
GaTeI7,m,Polar 
Ge19(PBr)4,-43m,Polar 
Ge19(PI)4,-43m,Polar 
Ge3(BiO3)4,-43m,Polar 
Ge3N4,3m,Polar 
Ge3Pb5O11,3,Polar 
Ge4Se9,mm2,Polar 
Ge5Ir4,-42m,Polar 
GeClO2F5,222,Non-polar 
GeF4,-43m,Polar 
GeH3Cl,mm2,Polar 
GeH4,222,Non-polar 
GePtS,mm2,Polar 
GePtSe,mm2,Polar 
GeTe,3m,Polar 
H10SO8,-42m,Polar 
H18SO12,m,Polar 
H2,222,Non-polar 
H2O,mm2,Polar 
H2SeO4,222,Non-polar 
H3N,23,Non-polar 
H3NO4,mm2,Polar 
H4CN2O,-42m,Polar 
H4CSN2,mm2,Polar 
H4NF,6mm,Polar 
H7N2F,mm2,Polar 
H7NF4,3m,Polar 
H8S(NO2)2,mm2,Polar 
HBr,mm2,Polar 
HCl,mm2,Polar 
Hf(BH4)4,-43m,Polar 
Hf(ClO4)4,m,Polar 
Hf(PS3)2,mm2,Polar 
Hf(SeCl6)2,mm2,Polar 
HfGeTe4,mm2,Polar 
HfSnPd,-43m,Polar 
Hg(IO3)2,2,Polar 
Hg2GeSe4,-4,Polar 
Hg2P2S7,2,Polar 
Hg3(SCl)2,23,Non-polar 
Hg3(SF)2,23,Non-polar 
Hg3(SeCl)2,23,Non-polar 
Hg3(TeBr)2,23,Non-polar 
Hg3(TeCl)2,23,Non-polar 
Hg3SO6,3,Polar 
Hg3Se3O10,2,Polar 
Hg4BiS2Cl5,2,Polar 
Hg4OF6,6mm,Polar 
Hg5(SbI3)2,mm2,Polar 
Hg6P4PbCl6,23,Non-polar 
Hg9Bi2(AsBr3)4,4,Polar 
HgAs2Xe5F22,mm2,Polar 
HgBr2,mm2,Polar 
HgHOF,222,Non-polar 
HgNO3,2,Polar 
HgSO4,mm2,Polar 
HgSe,32,Non-polar 
HgSeO4,mm2,Polar 
Ho(AlCl4)3,32,Non-polar 
Ho2Be2SiO7,-42m,Polar 
Ho3Cu3Sb4,-43m,Polar 
Ho3CuGeS7,6,Polar 
Ho3CuSiS7,6,Polar 
Ho3GaS6,mm2,Polar 
Ho3Sb4Au3,-43m,Polar 
Ho3TaO7,222,Non-polar 
Ho4Zn5Ge6,mm2,Polar 
Ho8Ga3Co,6mm,Polar 
HoAgSe2,222,Non-polar 
HoAgTe2,-42m,Polar 
HoNiBi,-43m,Polar 
HoNiSb,-43m,Polar 
HoSnAu,-43m,Polar 
IF7,mm2,Polar 
IO2F,222,Non-polar 
IOF3,222,Non-polar 
In(PO3)3,m,Polar 
In12Ga4Ir2O15,mm2,Polar 
In2(Se2O5)3,m,Polar 
In2Hg6(PCl3)3,2,Polar 
In2HgSe4,-4,Polar 
In2HgTe4,-4,Polar 
In2Si2Pb2O9,mm2,Polar 
In2TeO6,32,Non-polar 
In3(PO4)2,-43m,Polar 
In5S5Br,mm2,Polar 
In7GeIrO8,-43m,Polar 
In7Te10,32,Non-polar 
InAgS2,-42m,Polar 
InAgTe2,-42m,Polar 
InCl,23,Non-polar 
InGa2Cl7,mm2,Polar 
InP,-43m,Polar 
InPH5NO5,422,Non-polar 
InPS4,-4,Polar 
InSb(P2O7)2,mm2,Polar 
InTeI7,mm2,Polar 
K(B7H6)3,2,Polar 
K(SnSe2)2,m,Polar 
K10LiZr6H4O2F35,2,Polar 
K14ZnGe16,mm2,Polar 
K2(MoSe6)3,2,Polar 
K2Al2B2O7,32,Non-polar 
K2AsH13O10,m,Polar 
K2Au(IO3)5,mm2,Polar 
K2B4H8O11,222,Non-polar 
K2BaCdSb2,mm2,Polar 
K2Be2(Si2O5)3,mm2,Polar 
K2Bi(IO3)5,mm2,Polar 
K2Ca2(SO4)3,222,Non-polar 
K2Cd2(SO4)3,222,Non-polar 
K2CdSiO4,mm2,Polar 
K2CdSn,mm2,Polar 
K2CdSnSe4,-42m,Polar 
K2CeH2S3O13,2,Polar 
K2Ga2B2O7,32,Non-polar 
K2HI2ClO6,mm2,Polar 
K2Hg3(GeS4)2,mm2,Polar 
K2Hg3(GeSe4)2,mm2,Polar 
K2In(PSe4)2,m,Polar 
K2LiBO3,2,Polar 
K2LiIn(MoO4)3,2,Polar 
K2Mg2(SO4)3,23,Non-polar 
K2Mg2Be3F12,23,Non-polar 
K2MgP2WO10,1,Polar 
K2MgSiO4,mm2,Polar 
K2PHO4,mm2,Polar 
K2Pb2O3,23,Non-polar 
K2RbBiSe3,23,Non-polar 
K2RuNCl5O,222,Non-polar 
K2S3,mm2,Polar 
K2S5,222,Non-polar 
K2SbSO4F3,222,Non-polar 
K2Se3,mm2,Polar 
K2SeO4,mm2,Polar 
K2Si2O5,m,Polar 
K2Si6GeO15,m,Polar 
K2SiF6,6mm,Polar 
K2SmP2S7,2,Polar 
K2Sn2Hg3S8,mm2,Polar 
K2Sn2O3,23,Non-polar 
K2SnHgSe4,-42m,Polar 
K2Sr(PO3)4,-4,Polar 
K2SrCdSb2,mm2,Polar 
K2SrVB5O12,2,Polar 
K2TiOF4,mm2,Polar 
K2TiSi3(HO5)2,222,Non-polar 
K2U2O7,2,Polar 
K2Zn(GeO3)2,222,Non-polar 
K2Zn(Si2O5)2,222,Non-polar 
K2Zn(SiO3)2,222,Non-polar 
K2Zn3(P2O7)2,222,Non-polar 
K2ZnBr4,2,Polar 
K2ZnCl4,m,Polar 
K2ZnGeO4,mm2,Polar 
K2ZnH4(I2O7)2,2,Polar 
K2ZnSiO4,mm2,Polar 
K2ZrSi3(HO5)2,222,Non-polar 
K3AgO2,222,Non-polar 
K3Al2(AsO4)3,mm2,Polar 
K3Al2(PO4)3,mm2,Polar 
K3AsS3,23,Non-polar 
K3AsSe3,23,Non-polar 
K3B6BrO10,3m,Polar 
K3B6ClO10,3m,Polar 
K3Bi,6mm,Polar 
K3Bi(PS4)2,222,Non-polar 
K3Bi2(NO3)9,432,Non-polar 
K3BiO3,-43m,Polar 
K3BiSe3,23,Non-polar 
K3BiTe3,23,Non-polar 
K3CuO2,422,Non-polar 
K3Er(SO4)3,m,Polar 
K3Ga2(PO4)3,mm2,Polar 
K3La(AsO4)2,2,Polar 
K3La2(NO3)9,432,Non-polar 
K3LiP2O7,222,Non-polar 
K3NO3,4mm,Polar 
K3Na2LiTeO6,m,Polar 
K3Nb2AsSe11,m,Polar 
K3Nb3(BO6)2,3m,Polar 
K3P2AuSe8,m,Polar 
K3P6N11,432,Non-polar 
K3Pr2(NO3)9,432,Non-polar 
K3SbO3,23,Non-polar 
K3SbS3,23,Non-polar 
K3SbS4,mm2,Polar 
K3SbSe3,23,Non-polar 
K3SbSe4,3m,Polar 
K3SbTe3,23,Non-polar 
K3SmGa3B12S12I,622,Non-polar 
K3Ta2AsSe11,m,Polar 
K3V(SO5)2,2,Polar 
K3V5O14,3m,Polar 
K3VO4,23,Non-polar 
K4Al3Si3ClO12,-43m,Polar 
K4Ba(GeO3)3,2,Polar 
K4CaU(Si2O7)2,-42m,Polar 
K4Ge(PSe3)4,mm2,Polar 
K4GeS4,-43m,Polar 
K4GeSe4,-43m,Polar 
K4Nb6O17,mm2,Polar 
K4Nb8Si(P2O17)2,-42m,Polar 
K4Sr(SiO3)3,mm2,Polar 
K4Sr2SnAs4,6mm,Polar 
K4V5CdClO15,4,Polar 
K4ZnBi2,222,Non-polar 
K5As3O10,222,Non-polar 
K5B(SO4)4,4,Polar 
K5In(MoO4)4,m,Polar 
K5In3(SiO3)7,mm2,Polar 
K5La4Si4O16F,-4,Polar 
K5Na(Ti2Se9)3,3m,Polar 
K5NaP3(HO4)3,mm2,Polar 
K5Nb3O3F14,mm2,Polar 
K5Pr4Si4O16F,-4,Polar 
K5V3O10,422,Non-polar 
K6CdO4,6mm,Polar 
K6CdTe4,6mm,Polar 
K6Ge2O7,m,Polar 
K6HgS4,6mm,Polar 
K6HgSe4,6mm,Polar 
K6In3H12(N8O27)2,-43m,Polar 
K6InTe4Cl,6mm,Polar 
K6MgO4,6mm,Polar 
K6NbAs3O,23,Non-polar 
K6Se2O9,422,Non-polar 
K7NbAs4,mm2,Polar 
K7TaAs4,mm2,Polar 
K8V2(S2O9)3,2,Polar 
K9Bi(PS4)4,222,Non-polar 
K9Ni2O7,23,Non-polar 
KAg2AsO4,-42m,Polar 
KAg2PS4,-42m,Polar 
KAlCl4,2,Polar 
KAlGeO4,6,Polar 
KAlSiO4,6,Polar 
KAs,222,Non-polar 
KAsSe2,m,Polar 
KAsW2O9,222,Non-polar 
KAu(IO3)4,1,Polar 
KAuCl4,m,Polar 
KB(S2O7)2,m,Polar 
KB5(H2O3)4,mm2,Polar 
KBS4(ClO3)4,m,Polar 
KBa2(PO3)5,m,Polar 
KBe(PO3)3,222,Non-polar 
KBe2BO3F2,32,Non-polar 
KBePO4,mm2,Polar 
KBi(PS3)2,2,Polar 
KBiS(ClO2)2,222,Non-polar 
KBrO3,3m,Polar 
KCa10(PO4)7,3m,Polar 
KCa4(BO3)3,mm2,Polar 
KCa4B22H18ClO46,1,Polar 
KCa9Mg(PO4)7,3m,Polar 
KCaAl2F9,222,Non-polar 
KCu(BiS2)2,mm2,Polar 
KDy(SeO4)2,mm2,Polar 
KEr2F7,mm2,Polar 
KEr3F10,m,Polar 
KErF4,3,Polar 
KGa3,-42m,Polar 
KGaBr4,3m,Polar 
KGaPO4F,mm2,Polar 
KGe,-43m,Polar 
KGeNO,mm2,Polar 
KGeSbO5,mm2,Polar 
KH8N3,222,Non-polar 
KHg(PO3)3,222,Non-polar 
KHoF4,3,Polar 
KI(OF)2,mm2,Polar 
KIO3,1,Polar 
KInP2S7,2,Polar 
KLa(PO3)4,2,Polar 
KLaGeS4,2,Polar 
KLaGeSe4,2,Polar 
KLaSi(CN2)4,222,Non-polar 
KLaSiS4,2,Polar 
KLaSiSe4,2,Polar 
KLiB4O7,222,Non-polar 
KLiBeF4,6,Polar 
KLiCrO4,mm2,Polar 
KLiMoO4,6,Polar 
KLiSO4,3m,Polar 
KLiSi2O5,2,Polar 
KLiZnP2O7,mm2,Polar 
KMgBO3,23,Non-polar 
KNa2CuO2,4mm,Polar 
KNaGeO3,mm2,Polar 
KNaLi2(SO4)2,222,Non-polar 
KNaNbOF5,mm2,Polar 
KNaSnF6,mm2,Polar 
KNaZrSi3H4O11,mm2,Polar 
KNb(AgSe2)2,mm2,Polar 
KNb(CuS2)2,mm2,Polar 
KNb(CuSe2)2,mm2,Polar 
KNb2PS10,mm2,Polar 
KNbO3,3m,Polar 
KNbSi2O7,4mm,Polar 
KNd(CO3)2,mm2,Polar 
KNd(PO3)4,2,Polar 
KNdGeS4,2,Polar 
KP,222,Non-polar 
KP(HO2)2,mm2,Polar 
KPH2SO3,m,Polar 
KPHO3F,2,Polar 
KPSe3,3,Polar 
KPSe6,mm2,Polar 
KPr(PO3)4,2,Polar 
KPrGeSe4,2,Polar 
KPrSiSe4,2,Polar 
KSb(PS3)2,2,Polar 
KSb(PSe3)2,2,Polar 
KSb4F13,-4,Polar 
KSb5S8,m,Polar 
KSi,-43m,Polar 
KSi2BO6,222,Non-polar 
KSiSbO5,mm2,Polar 
KSmGeSe4,2,Polar 
KSmH4(N2O7)2,mm2,Polar 
KSn4(PO4)3,3m,Polar 
KSnAs,6mm,Polar 
KSnAsO5,mm2,Polar 
KSnPO5,mm2,Polar 
KSnSb,6mm,Polar 
KSr(BH4)3,mm2,Polar 
KSr4(BO3)3,mm2,Polar 
KSrAs(H4O3)4,4mm,Polar 
KSrVO4,222,Non-polar 
KTa(AgSe2)2,mm2,Polar 
KTa(BO3)2,mm2,Polar 
KTaGeO5,mm2,Polar 
KTaP4O13,222,Non-polar 
KTbCr2O8,222,Non-polar 
KTbGeS4,2,Polar 
KThP3O10,222,Non-polar 
KTiAsO5,mm2,Polar 
KTiPO5,mm2,Polar 
KTlF4,3,Polar 
KTmF4,3,Polar 
KV(CuS2)2,mm2,Polar 
KV2PO8,mm2,Polar 
KV3(SeO6)2,6,Polar 
KV3Cd4O12,m,Polar 
KVS2O9,222,Non-polar 
KY(PSe3)2,222,Non-polar 
KYF4,3,Polar 
KYGeS4,2,Polar 
KYSiS4,2,Polar 
KZn2BCl2O3,32,Non-polar 
KZn4(SbO4)3,3,Polar 
KZnPO4,6,Polar 
La(AlBr4)3,32,Non-polar 
La(IO3)3,m,Polar 
La(PO3)3,222,Non-polar 
La2Au5F21,422,Non-polar 
La2Be2GeO7,-42m,Polar 
La2Ge2O7,1,Polar 
La2TeO6,222,Non-polar 
La2Ti2O7,mm2,Polar 
La3AgGeS7,6,Polar 
La3AgSnS7,6,Polar 
La3AgSnSe7,6,Polar 
La3BWO9,6,Polar 
La3Bi4Au3,-43m,Polar 
La3C2I3,222,Non-polar 
La3Cu3Sb4,-43m,Polar 
La3CuGeS7,6,Polar 
La3CuGeSe7,6,Polar 
La3CuSiS7,6,Polar 
La3CuSiSe7,6,Polar 
La3CuSnS7,6,Polar 
La3CuSnSe7,6,Polar 
La3Ga5SnO14,32,Non-polar 
La3InS6,222,Non-polar 
La3MgAlS7,6,Polar 
La3Sb4Au3,-43m,Polar 
La3Si6N11,4mm,Polar 
La3SiAgS7,6,Polar 
La3SiAgSe7,6,Polar 
La4InSbS9,422,Non-polar 
La4S3NCl3,6mm,Polar 
La4Se3O4,mm2,Polar 
La5Al2Ru3,23,Non-polar 
La8Sb2S15,4mm,Polar 
LaAg(IO3)4,m,Polar 
LaCoC2,m,Polar 
LaMg2H7,422,Non-polar 
LaMoBrO4,m,Polar 
LaP2,m,Polar 
LaSi3N5,222,Non-polar 
Li2AgSb,-43m,Polar 
Li2B3O4F3,222,Non-polar 
Li2B6O9F2,m,Polar 
Li2BeSiO4,m,Polar 
Li2Ca3Be3Si3(O6F)2,23,Non-polar 
Li2CaGeO4,-42m,Polar 
Li2CaHfF8,-4,Polar 
Li2CaSiO4,-42m,Polar 
Li2CdGeO4,mm2,Polar 
Li2CdGeS4,mm2,Polar 
Li2CdSnS4,mm2,Polar 
Li2GeO3,mm2,Polar 
Li2GePbS4,-42m,Polar 
Li2MgSi,-43m,Polar 
Li2PNO2,mm2,Polar 
Li2Si2O5,mm2,Polar 
Li2SiF6,32,Non-polar 
Li2SiO3,mm2,Polar 
Li2SnSe3,m,Polar 
Li2SnTeO6,mm2,Polar 
Li2Ta2(OF2)3,32,Non-polar 
Li2TeO4,422,Non-polar 
Li2ZnGeO4,m,Polar 
Li2ZnSn3O8,mm2,Polar 
Li2ZnSnS4,m,Polar 
Li3AlGeO5,mm2,Polar 
Li3AlSiO5,mm2,Polar 
Li3As7(H3N)13,mm2,Polar 
Li3AsH36(SeN3)4,-43m,Polar 
Li3AsO4,mm2,Polar 
Li3AsS3,mm2,Polar 
Li3B5(HO5)2,422,Non-polar 
Li3GaGeO5,mm2,Polar 
Li3GaSiO5,mm2,Polar 
Li3NbO4,-43m,Polar 
Li3P7,222,Non-polar 
Li3PO4,mm2,Polar 
Li3SbS3,mm2,Polar 
Li3VO4,mm2,Polar 
Li4Al3Ge3BrO12,-43m,Polar 
Li4Al3Ge3IO12,-43m,Polar 
Li4Al3Si3ClO12,-43m,Polar 
Li4Be3As3ClO12,-43m,Polar 
Li4Be3P3BrO12,-43m,Polar 
Li4Be3P3ClO12,-43m,Polar 
Li4Ga3Si3BrO12,-43m,Polar 
Li4Ga3Si3ClO12,-43m,Polar 
Li4Ga3Si3IO12,-43m,Polar 
Li4Zn(H2N)6,222,Non-polar 
Li5BiO5,m,Polar 
Li5La5(SiN3)4,-42m,Polar 
Li6PBrO5,-43m,Polar 
Li7PN4,-43m,Polar 
Li8SeN2,4mm,Polar 
Li8SiO6,6mm,Polar 
Li8TeN2,4mm,Polar 
LiAlGe,-43m,Polar 
LiAlSe2,mm2,Polar 
LiAlSi,-43m,Polar 
LiAlSiO4,3,Polar 
LiAlTe2,-42m,Polar 
LiAs(XeF4)3,2,Polar 
LiAsS2,m,Polar 
LiAsSe2,m,Polar 
LiB(S2O7)2,222,Non-polar 
LiB(SO4)2,m,Polar 
LiB6C,mm2,Polar 
LiB6O9F,mm2,Polar 
LiBF4,32,Non-polar 
LiBO2,-42m,Polar 
LiCdBO3,-6,Polar 
LiDySn,6mm,Polar 
LiGa(SeO3)2,-42m,Polar 
LiGa5O8,432,Non-polar 
LiGaO2,mm2,Polar 
LiGaS2,mm2,Polar 
LiGaSe2,mm2,Polar 
LiGaSiO4,3,Polar 
LiGaTe2,-42m,Polar 
LiGe2N3,mm2,Polar 
LiH2N,-4,Polar 
LiH3IN,2,Polar 
LiH4SNO4,mm2,Polar 
LiHSeO3,222,Non-polar 
LiHoSn,6mm,Polar 
LiI,6mm,Polar 
LiInP2O7,2,Polar 
LiInS2,mm2,Polar 
LiInSe2,-42m,Polar 
LiInTe2,-42m,Polar 
LiLuSn,6mm,Polar 
LiMgAlF6,32,Non-polar 
LiMgAlH6,32,Non-polar 
LiMgAs,-43m,Polar 
LiMgBi,-43m,Polar 
LiMoIO6,2,Polar 
LiNbO3,m,Polar 
LiNdSn,6mm,Polar 
LiP(HO2)2,mm2,Polar 
LiPN2,-42m,Polar 
LiPPbO4,mm2,Polar 
LiPrSn,6mm,Polar 
LiRe(OF2)2,-42m,Polar 
LiScAs2O7,2,Polar 
LiScP2O7,2,Polar 
LiSi2N3,mm2,Polar 
LiSiNO,mm2,Polar 
LiTaO3,3m,Polar 
LiTcH6O7,6mm,Polar 
LiTlPHO3,2,Polar 
LiZnAs,-43m,Polar 
LiZnAsO4,3,Polar 
LiZnN,-43m,Polar 
LiZnP,-43m,Polar 
LiZnPO4,mm2,Polar 
LiZnPS4,-4,Polar 
LiZnSb,6mm,Polar 
Lu(ClO4)3,3m,Polar 
Lu(PO3)3,-43m,Polar 
Lu2Ge2O7,422,Non-polar 
Lu3Sb4Au3,-43m,Polar 
LuCuS2,3m,Polar 
LuNiBi,-43m,Polar 
LuNiSb,-43m,Polar 
LuTa6Br13O3,422,Non-polar 
Mg(IO3)2,2,Polar 
Mg2B24C,-42m,Polar 
Mg2Be3P3H13O19,6,Polar 
Mg2PN3,mm2,Polar 
Mg2Tl2(MoO4)3,23,Non-polar 
Mg3B7ClO13,mm2,Polar 
Mg3Si2H4O9,6mm,Polar 
Mg4P6SN12,-43m,Polar 
MgAs2(XeF5)4,222,Non-polar 
MgAs4,422,Non-polar 
MgAu2(SO4)4,mm2,Polar 
MgCu2SiS4,mm2,Polar 
MgCu2SiSe4,mm2,Polar 
MgGeN2,mm2,Polar 
MgH12SeO9,3,Polar 
MgSe,6mm,Polar 
MgSiAs2,-42m,Polar 
MgSiN2,mm2,Polar 
MgSiP2,-42m,Polar 
MgTlAs(H6O5)2,mm2,Polar 
MgTlP(H6O5)2,mm2,Polar 
Mn4Si7,-42m,Polar 
Mo(BrO)2,m,Polar 
MoS2,3m,Polar 
N2,23,Non-polar 
NClOF4,4mm,Polar 
NOF,222,Non-polar 
Na(GeP)3,mm2,Polar 
Na10CaSn12,-43m,Polar 
Na10SrSn12,-43m,Polar 
Na12SnGe8,422,Non-polar 
Na21S7Cl(O14F3)2,3m,Polar 
Na2Al2Si3(HO3)4,mm2,Polar 
Na2Be(GeO3)2,mm2,Polar 
Na2Be(SiO3)2,mm2,Polar 
Na2Ca2(CO3)3,mm2,Polar 
Na2Ca4ZrNbSi4O17F,2,Polar 
Na2Cd(GeS3)2,m,Polar 
Na2Ga2GeS6,mm2,Polar 
Na2Ge(S2O7)3,222,Non-polar 
Na2Ge2Se5,mm2,Polar 
Na2GeF6,32,Non-polar 
Na2GeO3,mm2,Polar 
Na2In2GeS6,m,Polar 
Na2In2GeSe6,m,Polar 
Na2In2SiS6,m,Polar 
Na2LiBe2F7,-42m,Polar 
Na2Mg2P3NO9,23,Non-polar 
Na2MgSiO4,m,Polar 
Na2MoH2O3F4,222,Non-polar 
Na2MoSeO6,23,Non-polar 
Na2PdS2,mm2,Polar 
Na2PdSe2,mm2,Polar 
Na2PtF6,32,Non-polar 
Na2PtS2,mm2,Polar 
Na2PtSe2,mm2,Polar 
Na2SbF5,222,Non-polar 
Na2Si(S2O7)3,222,Non-polar 
Na2SiF6,32,Non-polar 
Na2SiO3,mm2,Polar 
Na2SrAl4(SiO4)4,mm2,Polar 
Na2ThF6,32,Non-polar 
Na2Ti2Se9,2,Polar 
Na2TiF6,32,Non-polar 
Na2UP2O9,mm2,Polar 
Na2UTeO7,mm2,Polar 
Na2W2O7,mm2,Polar 
Na2Zn(GeS3)2,m,Polar 
Na2Zn(SiO3)2,mm2,Polar 
Na2Zn(SnS3)2,mm2,Polar 
Na2Zn2O3,422,Non-polar 
Na2Zn2Si2O7,mm2,Polar 
Na2Zn3(SiO4)2,1,Polar 
Na2ZnGeO4,m,Polar 
Na2ZnSiO4,m,Polar 
Na3AlP3NO9,23,Non-polar 
Na3AlP8O23,432,Non-polar 
Na3As,6mm,Polar 
Na3AsS3,23,Non-polar 
Na3AsSe3,23,Non-polar 
Na3B3(HO2)4,m,Polar 
Na3BeAl(SiO4)2,222,Non-polar 
Na3BiO3,-43m,Polar 
Na3Ca3AlAs4,6mm,Polar 
Na3Ca3AlSb4,6mm,Polar 
Na3GaP8O23,432,Non-polar 
Na3LiP2O7,222,Non-polar 
Na3LiY3P3CO15F2,-43m,Polar 
Na3Mo(OF)3,3,Polar 
Na3MoN3,m,Polar 
Na3NbOF6,222,Non-polar 
Na3Nd2(NO3)9,432,Non-polar 
Na3Np(HO3)2,mm2,Polar 
Na3P6N11,23,Non-polar 
Na3PS3O,mm2,Polar 
Na3PS4,-42m,Polar 
Na3PSe4,-43m,Polar 
Na3SbO3,-43m,Polar 
Na3SbP2O9,222,Non-polar 
Na3SbS3,23,Non-polar 
Na3SbSe3,23,Non-polar 
Na3SbSe4,-43m,Polar 
Na3Sc2(PO4)3,m,Polar 
Na3Sr3GaAs4,6mm,Polar 
Na3Sr3GaP4,6mm,Polar 
Na3TaS4,mm2,Polar 
Na3Tm(SiO3)3,222,Non-polar 
Na3TmSi2O7,6,Polar 
Na3VS4,-42m,Polar 
Na3WN3,m,Polar 
Na3Y(CO3)3,mm2,Polar 
Na3Y(SiO3)3,222,Non-polar 
Na3YH6(CO4)3,mm2,Polar 
Na4Al3Ge3BrO12,-43m,Polar 
Na4Al3Ge3ClO12,-43m,Polar 
Na4Al3Ge3IO12,-43m,Polar 
Na4Al3Si3BrO12,-43m,Polar 
Na4Al3Si3ClO12,-43m,Polar 
Na4Al3Si3IO12,-43m,Polar 
Na4BeAlSi4ClO12,-4,Polar 
Na4Ga3Si3BrO12,-43m,Polar 
Na4Ga3Si3ClO12,-43m,Polar 
Na4LuC3O9F,m,Polar 
Na4Mg(GeSe3)2,2,Polar 
Na4Mg(SiSe3)2,2,Polar 
Na4Mg3P4O15,mm2,Polar 
Na4MoS3O14,222,Non-polar 
Na4P2O7,222,Non-polar 
Na4ReN3,m,Polar 
Na4Sc2Si4O13,mm2,Polar 
Na4SnO3,m,Polar 
Na4SnS4,-42m,Polar 
Na4SnSe4,-42m,Polar 
Na4SnTe4,222,Non-polar 
Na5(InTe3)2,mm2,Polar 
Na5AuSe12,2,Polar 
Na5B(SO4)4,mm2,Polar 
Na5B2P3O13,2,Polar 
Na5Ca2Al(PO4)4,m,Polar 
Na5Dy4Si4O16F,-4,Polar 
Na5Er4Si4O16F,-4,Polar 
Na5Ga7H12S13O6,-43m,Polar 
Na5Ho4Si4O16F,-4,Polar 
Na5Li(Mo3O10)3,mm2,Polar 
Na5LuH4(C2O7)2,-42m,Polar 
Na5Nd4Ge4O16F,-4,Polar 
Na5Nd4Si4O16F,-4,Polar 
Na5Pr4Ge4O16F,-4,Polar 
Na5Pr4Si4O16F,-4,Polar 
Na5ScH4(C2O7)2,-42m,Polar 
Na5Sm4Si4O16F,-4,Polar 
Na5Tb4Si4O16F,-4,Polar 
Na5Tm4Si4O16F,-4,Polar 
Na6P4Pb3S16,3m,Polar 
Na6P4W,6mm,Polar 
Na6W6Se2O25,2,Polar 
Na6ZnS4,6mm,Polar 
Na7In4P9O32,-42m,Polar 
Na8Nb2Cu4S21,222,Non-polar 
Na9ZrP4ClO16,1,Polar 
NaAl(PS3)2,mm2,Polar 
NaAlCl4,222,Non-polar 
NaAlO2,mm2,Polar 
NaAlSiO4,mm2,Polar 
NaAsSe2,m,Polar 
NaBe4SbO7,6mm,Polar 
NaBrO3,23,Non-polar 
NaCNO,3m,Polar 
NaCa9Mg(PO4)7,3m,Polar 
NaCaAlF6,32,Non-polar 
NaCaBeSi2O6F,222,Non-polar 
NaCaH6Ir,-43m,Polar 
NaCaPO4,mm2,Polar 
NaCaSiHO4,2,Polar 
NaCd(PO3)3,222,Non-polar 
NaGa3Se5,222,Non-polar 
NaGaCl4,222,Non-polar 
NaGaO2,mm2,Polar 
NaGaSiO4,6,Polar 
NaGe2N3,mm2,Polar 
NaGe4(PO4)3,3m,Polar 
NaHg2IO2,622,Non-polar 
NaI3O8,-4,Polar 
NaLa(CO3)2,mm2,Polar 
NaLa4I7N2,mm2,Polar 
NaLaH2S2O9,32,Non-polar 
NaLaSiO4,mm2,Polar 
NaLi2AsO4,mm2,Polar 
NaLi3(H2N)4,-4,Polar 
NaLiB4O7,mm2,Polar 
NaLiCO3,-6,Polar 
NaMg4(AsO4)3,-42m,Polar 
NaMg4V3O12,-42m,Polar 
NaMgPO4,222,Non-polar 
NaMoAsO6,mm2,Polar 
NaNb(CuS2)2,mm2,Polar 
NaNb2PO8,2,Polar 
NaNb4Tl3P2O17,mm2,Polar 
NaNbO3,3m,Polar 
NaNbSe2O7,mm2,Polar 
NaNd4I7N2,mm2,Polar 
NaNdH2S2O9,32,Non-polar 
NaNiIO6,32,Non-polar 
NaP,222,Non-polar 
NaPH3NO3,6,Polar 
NaPN2,-42m,Polar 
NaPr4I7N2,mm2,Polar 
NaPt2Se3,6mm,Polar 
NaS2,-42m,Polar 
NaSb3(PO5)2,mm2,Polar 
NaSb3F10,6,Polar 
NaScAs2O7,2,Polar 
NaSe2,-42m,Polar 
NaSi2N3,mm2,Polar 
NaSn4(PO4)3,3m,Polar 
NaSnN,6mm,Polar 
NaSnP,6mm,Polar 
NaSrAlF6,mm2,Polar 
NaTeH6O6F,3,Polar 
NaTh2F9,-42m,Polar 
NaUN3O11,23,Non-polar 
NaV(OF)2,2,Polar 
NaVH2(OF2)2,mm2,Polar 
NaY(IO3)4,m,Polar 
NaY(SeO3)2,mm2,Polar 
NaZn(PO3)3,-43m,Polar 
NaZnSiHO4,222,Non-polar 
Nb2Hg3S(O2F5)2,mm2,Polar 
Nb2O5,2,Polar 
Nb2PS10,222,Non-polar 
Nb2S3O14,mm2,Polar 
Nb2Se4O13,m,Polar 
Nb2Te3O11,222,Non-polar 
Nb2TlPS10,m,Polar 
Nb3SBr7,3m,Polar 
Nb3Sb2Te5,-43m,Polar 
Nb3TeI7,6mm,Polar 
NbAsPCl13,mm2,Polar 
NbBi4BrO8,mm2,Polar 
NbBr2O,2,Polar 
NbCl3O,-42m,Polar 
NbCu3S4,-43m,Polar 
NbCu3Se4,-43m,Polar 
NbCu3Te4,-43m,Polar 
NbFeSb,-43m,Polar 
NbH8N2OF5,m,Polar 
NbI2O,2,Polar 
NbI3O,2,Polar 
NbI4,mm2,Polar 
NbP,4mm,Polar 
NbPO5,mm2,Polar 
NbPb2Se2ClO8,2,Polar 
NbSbO4,mm2,Polar 
NbSbRu,-43m,Polar 
NbSeF9,3,Polar 
NbTl(BO3)2,mm2,Polar 
NbTl3S4,-43m,Polar 
NbTl3Se4,-43m,Polar 
NbTlBr4O,2,Polar 
Nd(AlBr4)3,32,Non-polar 
Nd(PO3)3,222,Non-polar 
Nd2Au5F21,422,Non-polar 
Nd2Be2SiO7,-42m,Polar 
Nd2H6Se7O20,mm2,Polar 
Nd2Si2O7,4,Polar 
Nd2TeO6,222,Non-polar 
Nd2Ti2O7,2,Polar 
Nd2WO6,222,Non-polar 
Nd3BWO9,6,Polar 
Nd3Bi4Au3,-43m,Polar 
Nd3Cu3Sb4,-43m,Polar 
Nd3CuGeS7,6,Polar 
Nd3CuGeSe7,6,Polar 
Nd3CuSiS7,6,Polar 
Nd3CuSiSe7,6,Polar 
Nd3CuSnS7,6,Polar 
Nd3CuSnSe7,6,Polar 
Nd3GaO6,mm2,Polar 
Nd3InS6,222,Non-polar 
Nd3PO7,m,Polar 
Nd3Sb5O12,-43m,Polar 
Nd3SiAgS7,6,Polar 
Nd3SiAgSe7,6,Polar 
Nd4CuTe5(ClO5)3,2,Polar 
Nd4GaSbS9,mm2,Polar 
Nd4InSbS9,422,Non-polar 
Nd4S3NCl3,6mm,Polar 
Nd4Se3O4,mm2,Polar 
Nd8Sb2S15,4mm,Polar 
NdBiPd,-43m,Polar 
NdH5(SeO4)2,222,Non-polar 
NpB3O8,mm2,Polar 
OsSeS3Cl4,2,Polar 
P2Pb3S8,23,Non-polar 
P3H30N7O12,2,Polar 
P3RhO9,m,Polar 
P4PtF12,-43m,Polar 
P4Se3I2,-42m,Polar 
PH2F3,mm2,Polar 
PH8N2O3F,mm2,Polar 
PHN2,222,Non-polar 
PI3,6,Polar 
PICl6,-42m,Polar 
PNCl2,222,Non-polar 
PNF2,mm2,Polar 
PRhSe,23,Non-polar 
PSeCl9,mm2,Polar 
Pb(ClO3)2,mm2,Polar 
Pb2CO4,222,Non-polar 
Pb2SeN2O9,mm2,Polar 
Pb3SeO5,mm2,Polar 
Pb7(ClF6)2,-6,Polar 
PbI2,6mm,Polar 
Pd(XeF8)2,mm2,Polar 
PdF4,mm2,Polar 
Pr(AlBr4)3,32,Non-polar 
Pr(PO3)3,222,Non-polar 
Pr2Au5F21,422,Non-polar 
Pr2Be2GeO7,-42m,Polar 
Pr2Ti2O7,2,Polar 
Pr3AgGeS7,6,Polar 
Pr3AsS5Cl2,m,Polar 
Pr3BWO9,6,Polar 
Pr3Bi4Au3,-43m,Polar 
Pr3Cu3Sb4,-43m,Polar 
Pr3CuGeS7,6,Polar 
Pr3CuGeSe7,6,Polar 
Pr3CuSiS7,6,Polar 
Pr3CuSiSe7,6,Polar 
Pr3CuSnS7,6,Polar 
Pr3CuSnSe7,6,Polar 
Pr3Sb4Au3,-43m,Polar 
Pr3Sb5O12,-43m,Polar 
Pr3Si6N11,4mm,Polar 
Pr3SiAgS7,6,Polar 
Pr3SiAgSe7,6,Polar 
Pr4GaSbS9,mm2,Polar 
Pr4InSbS9,422,Non-polar 
Pr4Mg5Ge6,mm2,Polar 
Pr4PClO8,mm2,Polar 
Pr4S3NCl3,6mm,Polar 
Pr4Se3O4,mm2,Polar 
Pr8Sb2S15,4mm,Polar 
PrBS3,mm2,Polar 
PrH(SeO3)2,mm2,Polar 
PrSiP3,mm2,Polar 
Pt3I8,422,Non-polar 
PtF4,mm2,Polar 
Rb14ZnGe16,mm2,Polar 
Rb2(PSe2)3,mm2,Polar 
Rb2Be2Si2O7,mm2,Polar 
Rb2Be3Cd2F12,23,Non-polar 
Rb2Bi(IO3)5,mm2,Polar 
Rb2Ca2(SO4)3,23,Non-polar 
Rb2Ca2(SiO3)3,m,Polar 
Rb2Cd(IBr)2,mm2,Polar 
Rb2Cd2(SO4)3,23,Non-polar 
Rb2CdSiO4,222,Non-polar 
Rb2GeB4O9,2,Polar 
Rb2LiAsO4,mm2,Polar 
Rb2LiVO4,mm2,Polar 
Rb2Mo3SeO12,6,Polar 
Rb2NaAl6F21,2,Polar 
Rb2PH3SeO8,m,Polar 
Rb2S3,mm2,Polar 
Rb2S5,222,Non-polar 
Rb2Sc(NO3)5,32,Non-polar 
Rb2Se3,mm2,Polar 
Rb2SnHgTe4,-42m,Polar 
Rb2SnO2,222,Non-polar 
Rb2Th(PSe3)3,1,Polar 
Rb2Ti(Si2O5)3,m,Polar 
Rb2TiV3(PO6)3,6mm,Polar 
Rb2UH4(SeO6)2,mm2,Polar 
Rb2Zn3(P2O7)2,2,Polar 
Rb2ZnBr4,mm2,Polar 
Rb2ZnCl4,mm2,Polar 
Rb3AgO2,222,Non-polar 
Rb3Al2(PO4)3,mm2,Polar 
Rb3Bi2I9,m,Polar 
Rb3BiO3,23,Non-polar 
Rb3BiSe3,23,Non-polar 
Rb3H12N5,23,Non-polar 
Rb3Hg2S3ClO12,2,Polar 
Rb3Nb2AsSe11,m,Polar 
Rb3NbO8,-42m,Polar 
Rb3Nd2(NO3)9,432,Non-polar 
Rb3P6N11,432,Non-polar 
Rb3Pr2(NO3)9,432,Non-polar 
Rb3SbS3,23,Non-polar 
Rb3SbSe3,23,Non-polar 
Rb3Sm(PS4)2,2,Polar 
Rb3Ti3(PO4)5,mm2,Polar 
Rb3Tm(SO4)3,m,Polar 
Rb3V5O14,3m,Polar 
Rb3Y2(BO3)3,mm2,Polar 
Rb3Zr2P5S18,m,Polar 
Rb4Al2S5,mm2,Polar 
Rb4BaV6O18,3m,Polar 
Rb4Cu5Cl9,m,Polar 
Rb4Ge(PSe3)4,mm2,Polar 
Rb4Ge3B6O17,m,Polar 
Rb4LiH3(SO4)4,4,Polar 
Rb4Mo5(PO11)2,222,Non-polar 
Rb4Nb2S10O,mm2,Polar 
Rb4SnS4,-43m,Polar 
Rb4Te8O23,mm2,Polar 
Rb4Ti2P6Se25,mm2,Polar 
Rb4V5CdClO15,4,Polar 
Rb5Nb3OF18,4mm,Polar 
Rb5Ti6AgSe27,3m,Polar 
Rb5Zr4F21,2,Polar 
Rb6HgS4,6mm,Polar 
Rb6HgSe4,6mm,Polar 
Rb6Si10O23,mm2,Polar 
Rb6Sn2S7,222,Non-polar 
Rb7NbAs4,mm2,Polar 
Rb8AlAu3O4,222,Non-polar 
Rb8Cu6As8S19,2,Polar 
RbAg2SbS4,32,Non-polar 
RbAgSe4,222,Non-polar 
RbAl3(P3O10)2,222,Non-polar 
RbAlSiO4,mm2,Polar 
RbAs,222,Non-polar 
RbAu(IO3)4,2,Polar 
RbBrO3,3m,Polar 
RbCuSe4,222,Non-polar 
RbEr3F10,6mm,Polar 
RbGa2P5O16,m,Polar 
RbGa3,-42m,Polar 
RbGe,-43m,Polar 
RbGeIO6,32,Non-polar 
RbGeSbO5,mm2,Polar 
RbH2(IO3)3,1,Polar 
RbH3(SeO3)2,222,Non-polar 
RbH3O2,mm2,Polar 
RbHO,mm2,Polar 
RbHSeO4,222,Non-polar 
RbI(OF)2,mm2,Polar 
RbIO3,3m,Polar 
RbInI4,3m,Polar 
RbInPHO5,422,Non-polar 
RbLaSi(CN2)4,-4,Polar 
RbLiB4O7,222,Non-polar 
RbLiCrO4,3m,Polar 
RbLiMoO4,m,Polar 
RbMgAs(H6O5)2,mm2,Polar 
RbMgBO3,23,Non-polar 
RbMgP(H6O5)2,mm2,Polar 
RbMgPO4,mm2,Polar 
RbMoIO6,mm2,Polar 
RbNb(BO3)2,m,Polar 
RbNb2PS10,m,Polar 
RbNb2PSe10,m,Polar 
RbNbSiO5,222,Non-polar 
RbP(HO2)2,mm2,Polar 
RbPH3O4F,mm2,Polar 
RbPPbS4,222,Non-polar 
RbPSe3,32,Non-polar 
RbPSe6,mm2,Polar 
RbPbIO6,622,Non-polar 
RbSbS(O2F)2,mm2,Polar 
RbScAsO4F,mm2,Polar 
RbSi,-43m,Polar 
RbSmGeSe4,222,Non-polar 
RbSnAsO5,mm2,Polar 
RbSnIO6,622,Non-polar 
RbSr(BH4)3,mm2,Polar 
RbTa(CuSe2)2,mm2,Polar 
RbTeHOF4,m,Polar 
RbTeNO3F4,1,Polar 
RbTiAsO5,mm2,Polar 
RbTiPO5,mm2,Polar 
RbTl(SO4)2,32,Non-polar 
RbUSO6F,mm2,Polar 
RbV(CuS2)2,mm2,Polar 
RbV2I3O13,mm2,Polar 
RbV3(SeO6)2,6,Polar 
RbZnPO4,2,Polar 
Re(TeBr2)2,-4,Polar 
Re(TeCl2)2,-4,Polar 
Re2O7,222,Non-polar 
Re2PbO8,3m,Polar 
Re2S2O13,mm2,Polar 
Re3(SBr)7,3m,Polar 
Re3(SCl)7,3m,Polar 
Re3Te4Cl5,mm2,Polar 
Re3Te8Cl3,222,Non-polar 
Re4Si7,m,Polar 
ReBi3O8,23,Non-polar 
ReSbOF10,2,Polar 
ReTeS,-43m,Polar 
ReTeSCl4,-4,Polar 
ReTeSeCl4,-4,Polar 
RuO4,-43m,Polar 
S(ClO)2,mm2,Polar 
S(OF)2,422,Non-polar 
S2I2O11,mm2,Polar 
S2O5F2,-42m,Polar 
S3(NO7)2,m,Polar 
S4I2O15,1,Polar 
SBr,mm2,Polar 
SBr2O,mm2,Polar 
SCl,mm2,Polar 
SClO2F,mm2,Polar 
SIO3F,222,Non-polar 
SO2,mm2,Polar 
Sb(S8I)3,3m,Polar 
Sb2AsAuXeF14,mm2,Polar 
Sb2S2O9,422,Non-polar 
Sb2TeSe2,3m,Polar 
Sb2XeClF11,mm2,Polar 
Sb2XeF12,2,Polar 
Sb3Au3F22,m,Polar 
Sb4H2SO10,mm2,Polar 
Sb6S2O15,mm2,Polar 
SbAs2Cl13,mm2,Polar 
SbAsO5,222,Non-polar 
SbAsPCl13,mm2,Polar 
SbCl3F2,-4,Polar 
SbF3,mm2,Polar 
SbH36S4N11,2,Polar 
SbH3OF6,23,Non-polar 
SbIrS,23,Non-polar 
SbIrSe,23,Non-polar 
SbRhS,23,Non-polar 
SbRhSe,23,Non-polar 
SbSe(BrF2)3,222,Non-polar 
SbTeIr,23,Non-polar 
SbXe2F9,m,Polar 
Sc(PO3)3,-43m,Polar 
Sc2TeO6,32,Non-polar 
Sc4C3,-43m,Polar 
ScAlCO,6mm,Polar 
ScCuS2,3m,Polar 
ScNb6Cl13O3,422,Non-polar 
ScNiBi,-43m,Polar 
ScNiSb,-43m,Polar 
ScP3(HO2)6,3m,Polar 
ScSbPd,-43m,Polar 
ScSbPt,-43m,Polar 
ScSnAu,-43m,Polar 
ScTlP2S7,2,Polar 
Se5SO3F,222,Non-polar 
SeBr4,3m,Polar 
SeF4,222,Non-polar 
SeOF2,mm2,Polar 
Si(Ag4S3)2,mm2,Polar 
Si2H2S3,-42m,Polar 
Si2H6Se,422,Non-polar 
Si2N2O,mm2,Polar 
Si3(BiO3)4,-43m,Polar 
Si3Ag3(SnP3)2,-43m,Polar 
Si3NiP4,-42m,Polar 
Si3P2Pt,1,Polar 
Si4P4Ru,1,Polar 
Si7Tc4,-42m,Polar 
SiC,3m,Polar 
SiF4,-43m,Polar 
SiH8(NF3)2,6mm,Polar 
SiO2,32,Non-polar 
SiOs,23,Non-polar 
SiP,mm2,Polar 
SiPtSe,mm2,Polar 
SiRu,23,Non-polar 
Sm2Au5F21,422,Non-polar 
Sm2Be2GeO7,-42m,Polar 
Sm3BWO9,6,Polar 
Sm3Bi4Au3,-43m,Polar 
Sm3Cu3Sb4,-43m,Polar 
Sm3CuGeS7,6,Polar 
Sm3CuGeSe7,6,Polar 
Sm3CuSiS7,6,Polar 
Sm3CuSiSe7,6,Polar 
Sm3CuSnS7,6,Polar 
Sm3GaO6,mm2,Polar 
Sm3Sb5O12,-43m,Polar 
Sm3Si6N11,4mm,Polar 
Sm3SiAgS7,6,Polar 
Sm4GaSbS9,mm2,Polar 
Sm4InSbS9,422,Non-polar 
Sm4Se3O4,mm2,Polar 
SmTl(PSe3)2,2,Polar 
Sn(HgSe2)2,-4,Polar 
Sn(S4I)4,mm2,Polar 
Sn15Os3O14,m,Polar 
Sn15Ru3O14,m,Polar 
Sn21H14(Cl4O5)4,32,Non-polar 
Sn2Bi2O7,3,Polar 
Sn2ClF3,23,Non-polar 
Sn2H22S6N4O3,422,Non-polar 
Sn2PClO4,mm2,Polar 
Sn2W3Cl14,6,Polar 
Sn3PO4F3,3,Polar 
SnB4O7,mm2,Polar 
SnHg6(As2Br3)2,23,Non-polar 
SnHg6(P2Cl3)2,23,Non-polar 
SnHg7(As2I3)2,23,Non-polar 
SnHg7(P2Br3)2,23,Non-polar 
SnPS3,m,Polar 
Sr(BH)12,3m,Polar 
Sr(BrO3)2,m,Polar 
Sr(ClO3)2,mm2,Polar 
Sr(PIr)2,32,Non-polar 
Sr(PN2)2,6,Polar 
Sr(Si3N4)2,mm2,Polar 
Sr11InSb9,mm2,Polar 
Sr14(SnAs4)3,3,Polar 
Sr2As2O7,4,Polar 
Sr2B5ClO9,mm2,Polar 
Sr2CdAs2,mm2,Polar 
Sr2CuClO2,32,Non-polar 
Sr2GeO4,mm2,Polar 
Sr2GeSe4,mm2,Polar 
Sr2MgGe2O7,-42m,Polar 
Sr2MgSi2O7,-42m,Polar 
Sr2Nb2O7,mm2,Polar 
Sr2P6O17,2,Polar 
Sr2P7Br,23,Non-polar 
Sr2P7I,23,Non-polar 
Sr2ScGaO5,mm2,Polar 
Sr2Si5N8,mm2,Polar 
Sr2SnS4,mm2,Polar 
Sr2SnSe5,222,Non-polar 
Sr2Ta2O7,mm2,Polar 
Sr2ZnGe2O7,-42m,Polar 
Sr2ZnSi2O7,-42m,Polar 
Sr3Al2Cl2O5,222,Non-polar 
Sr3As4,mm2,Polar 
Sr3B6O11F2,2,Polar 
Sr3P4,mm2,Polar 
Sr3Sb4S9,mm2,Polar 
Sr3TaGa3(SiO7)2,32,Non-polar 
Sr3Zn3Te(PO7)2,32,Non-polar 
Sr4Al6CrO16,mm2,Polar 
Sr4Al6SO12,-43m,Polar 
Sr4Al6TeO12,-43m,Polar 
Sr4B14O25,mm2,Polar 
Sr4Br6O,6mm,Polar 
Sr4Cl6O,6mm,Polar 
Sr4GeAs4,-43m,Polar 
Sr4GeP4,-43m,Polar 
Sr4I6O,6mm,Polar 
Sr4SiAs4,-43m,Polar 
Sr4TiAs4,-43m,Polar 
Sr4TiP4,-43m,Polar 
Sr5B3ClO9,222,Non-polar 
Sr5Zr3F22,222,Non-polar 
Sr6B(PO4)5,-42m,Polar 
Sr6Cu3N5,4mm,Polar 
Sr6Sb6S17,222,Non-polar 
Sr7(H6Br)2,-6,Polar 
Sr7(H6Cl)2,-6,Polar 
Sr9LuV7O28,3m,Polar 
Sr9TmV7O28,3m,Polar 
SrAl2O4,2,Polar 
SrAlGeH,3m,Polar 
SrAlSiH,3m,Polar 
SrBPO5,32,Non-polar 
SrBiSe3,222,Non-polar 
SrCu2GeS4,32,Non-polar 
SrGaBO4,222,Non-polar 
SrGaGeH,3m,Polar 
SrGePbO4,222,Non-polar 
SrGeTeO6,32,Non-polar 
SrHClO,6mm,Polar 
SrLi(B3O5)3,3m,Polar 
SrLi(BS2)3,m,Polar 
SrLi2SiO4,32,Non-polar 
SrMgH4,mm2,Polar 
SrMgNiH4,23,Non-polar 
SrNb2Bi2O9,mm2,Polar 
SrP11H28N9,mm2,Polar 
SrSbSe3,222,Non-polar 
SrTa2Bi2O9,mm2,Polar 
SrTa4O11,622,Non-polar 
SrTlVO4,222,Non-polar 
SrZnAsHO5,222,Non-polar 
Ta2Hg3S(O2F5)2,mm2,Polar 
Ta2SnO6,m,Polar 
Ta2Tl3Cu3S8,2,Polar 
Ta4P4S29,422,Non-polar 
Ta4Se9I8,mm2,Polar 
Ta9VO25,-4,Polar 
TaAgP4O13,222,Non-polar 
TaAsPCl13,mm2,Polar 
TaCl4F,-4,Polar 
TaCu3S4,-43m,Polar 
TaCu3Se4,-43m,Polar 
TaCu3Te4,-43m,Polar 
TaH6C2SeCl5,mm2,Polar 
TaSbRu,-43m,Polar 
TaTl3S4,-43m,Polar 
TaTl3Se4,-43m,Polar 
Tb2(MoO4)3,mm2,Polar 
Tb2Ge2O7,422,Non-polar 
Tb3BWO9,6,Polar 
Tb3Cu3Sb4,-43m,Polar 
Tb3CuGeS7,6,Polar 
Tb3CuGeSe7,6,Polar 
Tb3CuSiS7,6,Polar 
Tb3CuSiSe7,6,Polar 
Tb3GaO6,mm2,Polar 
Tb4GaSbS9,mm2,Polar 
Tb8Ga3Co,6mm,Polar 
TbAgTe2,-42m,Polar 
TbNiSb,-43m,Polar 
TbSbPt,-43m,Polar 
TbTl(PSe3)2,2,Polar 
TcBi3O8,23,Non-polar 
Te,32,Non-polar 
Te2H2O3F4,mm2,Polar 
Te2O5,2,Polar 
Te2P2O9,m,Polar 
Te2S(O2F3)2,222,Non-polar 
Te2SO7,mm2,Polar 
TeF4,222,Non-polar 
TeH9SN2O5F3,1,Polar 
TeHO3,mm2,Polar 
TeO2,222,Non-polar 
TeOF2,2,Polar 
TePCl9,mm2,Polar 
Th3As4,-43m,Polar 
Th3Bi4,-43m,Polar 
Th3P4,-43m,Polar 
Th3Sb4,-43m,Polar 
Th3TlF13,mm2,Polar 
ThCr(IO5)2,222,Non-polar 
ThH10N4O17,mm2,Polar 
ThNiSn,-43m,Polar 
ThSbRh,-43m,Polar 
ThSnPt,-43m,Polar 
Ti(CuS)4,-42m,Polar 
Ti(PS3)2,mm2,Polar 
Ti3Tl3(PO4)5,mm2,Polar 
Ti5(PO5)4,222,Non-polar 
Ti6Tl5AgSe27,3m,Polar 
TiCoSb,-43m,Polar 
TiGePt,-43m,Polar 
TiH12C2(NF)6,m,Polar 
TiI2O7,mm2,Polar 
TiNiSn,-43m,Polar 
TiPHO5,2,Polar 
TiPb2Se2ClO7F,2,Polar 
TiPbO3,4mm,Polar 
TiSnPt,-43m,Polar 
TiTlPO5,mm2,Polar 
Tl2Cd2(SO4)3,222,Non-polar 
Tl2Mo3SeO12,3m,Polar 
Tl2MoO4,2,Polar 
Tl2S,3,Polar 
Tl2S5,222,Non-polar 
Tl2SeO4,222,Non-polar 
Tl2ZnI4,2,Polar 
Tl3AsO4,6,Polar 
Tl3AsSe3,3m,Polar 
Tl3Ga9S13O2,-6,Polar 
Tl3Hg2S3ClO12,2,Polar 
Tl3PO4,6,Polar 
Tl3SbS3,3m,Polar 
Tl3SbSe3,23,Non-polar 
Tl3V5O14,3m,Polar 
Tl3VO4,mm2,Polar 
Tl3VS4,-43m,Polar 
Tl3VSe4,-43m,Polar 
Tl4GeS4,m,Polar 
Tl4SiS4,m,Polar 
Tl4V5CdClO15,4,Polar 
Tl5SbO5,mm2,Polar 
Tl8Sb21As19(PbS17)4,1,Polar 
TlAuF6,422,Non-polar 
TlBO2,4,Polar 
TlBSe3,m,Polar 
TlBi(PS3)2,2,Polar 
TlClO4,-43m,Polar 
TlIO3,3m,Polar 
TlP5,mm2,Polar 
TlPO3,-42m,Polar 
TlSb(PS3)2,2,Polar 
TlSb(PSe3)2,2,Polar 
TlSnPS4,mm2,Polar 
TlV2I3O13,mm2,Polar 
TlV3(SeO6)2,6,Polar 
TlVTeO5,mm2,Polar 
TlZnAsO4,2,Polar 
TlZnPO4,2,Polar 
Tm2Ge2O7,422,Non-polar 
Tm3Sb4Au3,-43m,Polar 
Tm8Ga3Co,6mm,Polar 
TmNiBi,-43m,Polar 
TmNiSb,-43m,Polar 
UPb(SeO4)2,mm2,Polar 
US2O9,mm2,Polar 
UTl2(MoO5)2,mm2,Polar 
V2Cd4(TeO5)3,222,Non-polar 
V2Pb3O8,2,Polar 
V2Pb4(Se2O7)3,mm2,Polar 
V2Zn3TePb3O14,32,Non-polar 
VAgO3,m,Polar 
VBiPbO5,1,Polar 
VCdBiO5,mm2,Polar 
VCu3S4,-43m,Polar 
VCu3Se4,-43m,Polar 
VCu3Te4,-43m,Polar 
VFeSb,-43m,Polar 
VIn(SeO4)2,m,Polar 
W5I16,mm2,Polar 
WS9Cl4,-42m,Polar 
Y2Be2GeO7,-42m,Polar 
Y2Be2SiO7,-42m,Polar 
Y2SiP4O15,222,Non-polar 
Y2TeO6,222,Non-polar 
Y3CuGeS7,6,Polar 
Y3CuSiS7,6,Polar 
Y3CuSiSe7,6,Polar 
Y3GaS6,mm2,Polar 
Y3Sb4Au3,-43m,Polar 
Y3TaO7,222,Non-polar 
Y4H9NO13,2,Polar 
Y4Zn5Ge6,mm2,Polar 
YAg(IO3)4,m,Polar 
YAgSe2,222,Non-polar 
YAgTe2,-42m,Polar 
YAl3(BO3)4,32,Non-polar 
YBe2B5O11,mm2,Polar 
YH2(CO3)2,222,Non-polar 
YH5(SeO4)2,222,Non-polar 
YNiBi,-43m,Polar 
YNiSb,-43m,Polar 
YSbPt,-43m,Polar 
YTl(PSe3)2,2,Polar 
Zn(GaS2)2,-4,Polar 
Zn(GaSe2)2,-4,Polar 
Zn(GaTe2)2,-4,Polar 
Zn(HO)2,222,Non-polar 
Zn(IO3)2,2,Polar 
Zn(InSe2)2,-4,Polar 
Zn(InTe2)2,-4,Polar 
Zn2BrN,mm2,Polar 
Zn2MoSeO7,2,Polar 
Zn2NCl,mm2,Polar 
Zn2PN3,mm2,Polar 
Zn2Si3Pb4SO15,2,Polar 
Zn2TeMoO7,2,Polar 
Zn3P2Pb3WO14,32,Non-polar 
Zn3TeAs2Pb3O14,32,Non-polar 
Zn3TeP2Pb3O14,2,Polar 
Zn4B6O13,-43m,Polar 
Zn4B6SeO12,-43m,Polar 
Zn4P6N12O,-43m,Polar 
Zn4P6SN12,-43m,Polar 
Zn6Ru,432,Non-polar 
ZnAg2SnS4,-42m,Polar 
ZnAgPS4,mm2,Polar 
ZnAsHPbO5,222,Non-polar 
ZnBi2B2O7,mm2,Polar 
ZnBi6P2O15,2,Polar 
ZnCN2,-42m,Polar 
ZnCl2,-42m,Polar 
ZnCu2GeS4,-42m,Polar 
ZnCu2SiS4,m,Polar 
ZnCu2SiTe4,-42m,Polar 
ZnCu2SnS4,-4,Polar 
ZnGeAs2,-42m,Polar 
ZnGeN2,mm2,Polar 
ZnGeP2,-42m,Polar 
ZnH3CNO3,mm2,Polar 
ZnH6(Se2N)2,2,Polar 
ZnO,6mm,Polar 
ZnP2,422,Non-polar 
ZnPH4NO4,6,Polar 
ZnS,3m,Polar 
ZnSe,-43m,Polar 
ZnSi(AgS2)2,m,Polar 
ZnSiAs2,-42m,Polar 
ZnSiN2,mm2,Polar 
ZnSiP2,-42m,Polar 
ZnSiPbO4,mm2,Polar 
ZnSnP2,-42m,Polar 
ZnTe,3m,Polar 
ZnTeH12Se3N4,mm2,Polar 
Zr(BH4)4,-43m,Polar 
Zr(PO3)4,mm2,Polar 
Zr(SeCl6)2,mm2,Polar 
Zr3Ni3Sb4,-43m,Polar 
ZrCl2,3m,Polar 
ZrCoBi,-43m,Polar 
ZrGeTe4,mm2,Polar 
ZrI2,mm2,Polar 
ZrP2(HO4)2,4mm,Polar 
ZrSO,23,Non-polar 
